Actual,Predicted,Probability
0,0,0.010416666666666664
1,1,0.5287160716338044
0,0,0.3987529139999404
0,0,0.3773875316819057
1,1,0.6924734681297321
1,0,0.3726623232530029
0,0,0.40007949725541914
0,0,0.006647286821705426
1,1,0.5571501017167002
1,1,0.5329598482561144
1,1,0.5160350412861755
0,1,0.5372490740829792
0,0,0.0014762301918265221
1,1,0.985
0,0,0.015
1,0,0.4207373063777895
0,0,0.0
0,1,0.5497349843427538
1,0,0.47399727185881396
0,0,0.005
1,1,0.985
1,1,0.5398900447025188
1,1,1.0
0,1,0.6085234391430063
0,0,0.42353688288784785
0,0,0.0031673182868313487
0,0,0.35064639388588914
0,1,0.5098586472874108
0,0,0.012788448712818461
1,1,0.5431793132430702
0,0,0.3620022998925689
0,0,0.22615019666429798
0,1,0.5247969779455515
0,0,0.0
1,1,0.7530502804579384
1,0,0.4704865937350879
1,0,0.4416200978286837
1,1,1.0
1,1,0.7844416083395613
0,0,0.33878947718263847
1,1,1.0
1,0,0.4909602424026873
0,0,0.4205873629764694
0,0,0.015
0,1,0.5302354182963412
1,1,1.0
0,0,0.045
1,0,0.45697268440221306
0,0,0.015
0,0,0.4586104817818558
0,0,0.1852851272503061
1,1,0.995
1,1,0.5463396520767442
0,0,0.02
1,0,0.39394750705868126
1,0,0.39762707442008455
0,0,0.00875
1,1,1.0
0,0,0.085
0,0,0.3296908604908907
1,0,0.44455691136981024
0,1,0.5791432344554801
0,0,0.3234547684427681
1,0,0.4867207605911761
0,0,0.007354221330452231
0,0,0.007507206208425721
1,0,0.4931671314679646
1,1,0.6649906644485989
1,1,0.99
1,0,0.47643326367668637
1,1,0.99
1,1,0.995
0,0,0.3931079677026919
0,0,0.4339088524106207
0,0,0.4803476679461415
0,1,0.5032474866150064
1,1,0.7003403865098029
1,0,0.4318058797483018
1,1,0.995
0,1,0.694649055686288
1,1,0.533136374640954
0,0,0.33688460138765486
0,0,0.49343232114193564
1,1,0.9918181818181818
0,0,0.145867359458582
0,1,0.5126635610326006
1,1,0.5774505909576161
1,0,0.49771177099358177
0,0,0.004371048559428192
1,1,0.551136186752199
0,0,0.0005807747854538616
1,0,0.3551952517468244
0,0,0.06940476190476191
1,1,1.0
1,1,0.9823430942552459
0,0,0.006460176991150443
1,1,0.6276489511999348
0,0,0.01
0,0,0.37267935782963446
1,1,1.0
0,1,0.568555637967108
0,0,0.017715035931453838
1,1,0.5808398246761339
1,1,1.0
0,0,0.0024196264182416165
1,1,0.8739266072469198
1,1,0.5459948560834527
1,1,0.546609847696745
1,0,0.28190860223925646
0,0,0.4791872533277261
0,0,0.034102564102564105
0,0,0.3871430686531998
1,1,0.985
0,0,0.4418439020517582
0,1,0.5660190110099782
1,0,0.4547781151524417
1,1,0.671710240490643
1,1,0.995
0,0,0.012583333333333334
0,0,0.0
0,0,0.4381471289027566
1,1,0.5496689213977014
0,0,0.028945578231292523
0,0,0.2598095076562523
1,0,0.45484724744835014
1,0,0.3537272841129759
0,1,0.5572454020769224
1,1,0.9058445932656753
0,1,0.5866980308646959
0,0,0.002810361681329423
0,0,0.36324114854915707
1,1,1.0
0,0,0.07428571428571429
1,0,0.39219120943154256
0,0,0.0085319181902696
0,0,0.23553914575769902
0,1,0.5644358829813801
0,0,0.014279407157599884
0,0,0.099
1,1,0.974971264367816
1,1,0.5393120305850073
1,0,0.47823079687238434
0,0,0.18118866145494553
1,1,1.0
0,1,0.5183330819722097
0,0,0.4589672541056639
0,0,0.0029047619047619043
0,0,0.3161618797314091
1,1,1.0
0,0,0.1229745380194227
1,0,0.44903876310742336
0,0,0.4281109796948945
0,0,0.4048756009150176
0,0,0.4195288214550639
0,0,0.27534421344147453
1,1,0.995
1,0,0.4793036950680418
0,0,0.32450884190994855
0,1,0.5632413060377962
0,0,0.00666279339995352
0,0,0.47744325541331295
1,1,0.5180604812604439
1,1,1.0
0,0,0.06772484582269409
1,0,0.42125384066624605
0,0,0.47402274769490504
0,0,0.15406089644853613
1,1,0.5322138032187675
0,0,0.48090527698464247
1,1,1.0
1,1,0.995
0,0,0.0
0,0,0.49734574307227475
0,0,0.44768299640633274
0,1,0.588803950587607
1,0,0.43108091439781715
0,1,0.5023180452191506
0,0,0.16581177520470475
1,1,0.9963636363636365
1,1,1.0
0,0,0.0025
0,0,0.4472015962509917
1,1,0.5294121875815542
1,1,0.5197295734216568
0,0,0.015
1,1,0.995
0,1,0.5941954863114618
0,0,0.3988186733597401
0,0,0.0
1,0,0.24678291176408546
0,0,0.4507641563771426
0,0,0.4696259077899715
1,0,0.3040807174384614
0,1,0.5103377434560878
0,0,0.0025298507462686564
1,0,0.4504768151038439
0,0,0.2142060788346092
1,0,0.4966294718770816
1,0,0.36607711706327256
1,1,0.5190536466246994
0,0,0.05235849056603774
0,0,0.013302660753880265
0,0,0.18480575896455878
0,0,0.004642857142857143
0,0,0.43948358411426885
0,0,0.40259934225341026
0,0,0.023768807299206034
1,1,1.0
1,1,1.0
1,0,0.4784863351570183
0,0,0.38174600996023533
0,0,0.27346947417263734
0,0,0.03353787652154258
1,1,0.995
0,0,0.0014762301918265221
0,0,0.002536836252432583
0,0,0.15694922276174691
1,0,0.39576523987262363
0,0,0.26598109206325155
1,1,1.0
0,1,0.518349474692593
1,1,0.5554932742228269
0,1,0.5349890913702514
1,0,0.49718244613520873
0,0,0.46284459309067666
0,0,0.4139703256994688
1,0,0.35451660792039896
0,0,0.001069376026272578
1,0,0.40758493370377624
1,0,0.41225211457317307
1,0,0.26360047049579416
1,0,0.446050295057431
1,0,0.4255024754838269
1,0,0.44234702689666766
1,1,1.0
0,0,0.003888517528223411
0,0,0.3103145396146857
1,0,0.4614668253343331
1,0,0.3657010125602796
0,0,0.0
1,0,0.47823635525350594
1,1,0.5458603480417956
0,0,0.3266552666412227
0,0,0.006470588235294118
0,0,0.12509820661992802
1,1,0.7025566326421024
0,0,0.005
1,1,0.6021437312947381
1,1,0.5754181048529915
0,0,0.47727824302711896
0,0,0.46239759482776194
0,1,0.5231894516294437
1,1,1.0
0,0,0.31829732435623304
1,1,1.0
1,0,0.47857879443397927
1,0,0.36970043447621925
1,1,0.5364422645201488
0,1,0.5378487245152388
0,1,0.5913413252624075
1,0,0.42795178412660895
0,0,0.00835422133045223
1,1,0.9963636363636365
1,1,0.5287442356301635
1,0,0.44751093891539256
0,0,0.013723196881091616
0,1,0.6116953281538993
0,0,0.0
0,0,0.3645023929861327
1,1,1.0
0,1,0.5560396841896146
1,1,0.5439373092038718
1,1,0.6937378282045167
0,0,0.007529850746268656
1,0,0.3945775430844533
1,1,0.9957142857142857
0,0,0.0
0,0,0.10032849525062837
0,0,0.049256228967211955
1,1,1.0
1,1,0.6304591534549461
1,0,0.40488347948425985
1,1,0.5595541162668503
0,0,0.02
1,1,0.5887281523573646
1,0,0.48099880259527256
1,1,0.5457805780707338
0,0,0.327779219674991
1,0,0.46992616675294774
1,0,0.26244665606350426
1,0,0.43512772027593966
0,0,0.4519215396892279
0,0,0.008672864825448911
0,0,0.0421875
1,1,1.0
1,1,0.9426148255098582
0,0,0.4786640941897389
0,0,0.0009285714285714286
1,0,0.362150956715953
0,1,0.6051759653731105
1,1,0.5446515808787131
1,1,0.6043381821071745
0,0,0.025
1,0,0.4688852585903803
1,1,0.5740445704419356
0,0,0.013888888888888888
0,0,0.4784891439878938
0,0,0.0025298507462686564
0,0,0.21434680242714463
0,0,0.03214285714285715
0,0,0.4515063566066619
0,0,0.38756165650232405
1,0,0.4144510960601482
1,1,1.0
0,1,0.6421445288493338
1,1,0.6353005001432139
0,1,0.5241334113395548
0,0,0.4519956836288053
1,0,0.40851890982383204
1,1,0.6216665341080941
0,0,0.4108663590700635
1,1,0.670063356758885
0,0,0.48463065524305593
0,0,0.0016666666666666666
1,1,0.6862512681541371
1,0,0.48190768345471974
0,0,0.020802660753880264
1,1,1.0
1,1,0.9371592688357394
1,0,0.35019483242109284
1,1,0.5353272470108323
0,0,0.38880862379513836
0,1,0.5377958551801311
0,1,0.5347470424179213
0,0,0.2559415842331032
0,0,0.3553934426157967
0,0,0.032325581395348836
1,1,0.5138950931813704
0,0,0.2541453202111122
0,0,0.003651183506485719
1,1,0.775732759927786
0,0,0.1381244703968351
0,0,0.13666726182102573
1,0,0.3662876862894432
1,1,0.6213821780639397
0,0,0.0062215053763440865
0,0,0.42492179229297045
1,0,0.4865671922259995
1,0,0.40337776830294914
0,0,0.35765356663477044
0,0,0.009767441860465116
0,0,0.015
1,0,0.21342489156503355
0,1,0.5844480839856273
0,0,0.357527300070247
0,0,0.4571906381725426
1,0,0.3710758354715785
0,0,0.057796219721507794
1,1,0.99
0,1,0.5391172055591549
1,0,0.3717079079831247
0,0,0.003920659172760013
1,1,1.0
0,1,0.6915246580256595
0,0,0.005
1,0,0.42518141038117396
0,0,0.2383144027026292
0,1,0.5260747134495688
1,1,0.5103190454892021
0,0,0.43760561257636094
0,1,0.650877874021647
0,0,0.24989678100598692
0,1,0.5257908266238789
0,0,0.008484020865811247
0,0,0.009371048559428193
1,1,0.5478471845279493
1,1,0.5027369209732035
1,1,0.5709453471506295
0,1,0.5929761802089027
0,0,0.43554939172363766
1,0,0.4655281364963812
0,0,0.24426798367228497
1,1,0.7921981284316851
0,0,0.006363636363636364
1,0,0.47953734334017706
0,0,0.48574394681375155
0,0,0.0007923169267707082
1,0,0.47626171619490293
1,0,0.4499756391727285
0,0,0.21682554931655088
1,1,0.504143836749168
1,1,0.6405927468796273
0,0,0.015
0,0,0.011470588235294116
0,1,0.7808875340864209
0,0,0.4801063559027093
1,1,0.5403328497556306
1,1,0.6830998185877981
1,0,0.3449030616287594
0,0,0.02
0,0,0.0014705882352941176
0,0,0.029940164636467453
0,0,0.39494967246294566
0,0,0.0034343434343434343
1,0,0.4469195853196781
0,0,0.01608695652173913
0,1,0.659726494228069
0,1,0.6787243031252294
0,0,0.42108374867957954
0,0,0.022929694880591916
0,0,0.45769692523637656
0,0,0.0013636363636363635
0,0,0.4395372884011617
1,0,0.44845161383740506
0,0,0.24387782244601586
1,0,0.3976501810768098
1,0,0.23586275590864936
1,0,0.48237262940732306
1,1,0.5113909437987293
0,1,0.502963305952583
0,0,0.005470588235294119
0,0,0.32991991766176915
0,0,0.4435603560131438
1,1,0.653547969553363
0,0,0.015
1,0,0.47280239279373
1,0,0.46659754110890383
0,0,0.04118421052631579
1,1,0.995
1,1,1.0
1,1,1.0
1,0,0.44264605438781773
1,0,0.341762912964621
0,0,0.13042863518030126
0,0,0.0066771933124672046
0,0,0.3630836626541868
1,1,1.0
0,0,0.27806433989742385
0,0,0.45194265023717173
0,0,0.0007142857142857143
1,1,1.0
0,0,0.012442820127932195
0,1,0.5663059639627616
1,0,0.3054387504079997
0,0,0.003774680603948897
0,0,0.4618906802729383
1,0,0.36161746511544607
0,0,0.39912234092824406
0,0,0.00125
0,0,0.4841512121227424
0,0,0.4571337645111393
0,0,0.32821268012227217
1,1,0.5074052303608526
0,0,0.006363636363636364
1,1,0.7440729009741013
0,0,0.4152845527485568
1,1,0.5214815013352186
1,0,0.38337712232596743
1,1,1.0
1,0,0.34647383009537114
0,0,0.3988529026296569
0,0,0.0005952380952380952
1,1,0.5084170016779841
0,0,0.004876483470122491
1,0,0.4129232738832004
0,1,0.5366111506928687
1,1,0.7228767204396402
0,1,0.66931777502917
0,0,0.4059638961205282
1,0,0.34286242313361465
0,0,0.026071969696969694
1,0,0.39262712963064705
1,1,1.0
1,1,0.995
1,1,0.5703489622894238
0,0,0.07892808063547169
1,1,0.523376736774939
1,1,0.995
1,1,0.9976190476190476
1,0,0.3133921538440952
0,0,0.27576738983516624
0,0,0.010465116279069769
0,0,0.01743969252271139
0,0,0.01
1,1,1.0
0,0,0.3778034535891986
1,0,0.4479745140404092
1,1,1.0
1,1,0.7543540483947533
0,0,0.3883008845280105
1,0,0.39139444992653877
1,1,0.5238312696504831
0,0,0.0024285714285714284
1,1,0.5189937097568634
1,0,0.3677420043294678
1,0,0.48366724079815276
1,0,0.4838608484372553
1,1,1.0
0,0,0.4959602825886897
0,1,0.5308435481421125
0,1,0.51294971968668
1,1,0.5838541722764787
1,0,0.4210226913622455
1,0,0.43109357784624647
0,0,0.4757432707933754
0,0,0.3575476907924188
0,0,0.3796326641878733
0,0,0.3665368126489341
0,0,0.066
1,1,1.0
0,0,0.22015426468167854
1,1,1.0
0,0,0.4760927694939646
0,1,0.5193186235973547
0,0,0.24962958316674616
1,0,0.31610846158780215
0,0,0.007216224747474746
1,1,1.0
1,0,0.48389274162992096
0,0,0.02108695652173913
0,0,0.3154360984800294
1,0,0.34849466336384205
1,0,0.461266781808834
0,0,0.36351215178457913
1,0,0.4978862072958246
0,1,0.5251710812863297
0,0,0.05
1,0,0.39906277752928615
1,0,0.45360528811986256
1,1,0.99
0,0,0.006417910447761193
1,1,0.5446960737678248
0,0,0.03071156103286385
0,0,0.006916435326777396
0,1,0.6681850494366343
0,0,0.00042105263157894734
0,0,0.4217432304633886
0,0,0.36093593408679214
0,1,0.5249943960193323
0,1,0.5451135789947467
1,1,0.995
0,0,0.382039724337893
1,0,0.3838465833615011
1,1,0.9157577491197045
0,0,0.48494964386615264
0,1,0.5592107841518156
0,1,0.5399393823730105
0,0,0.2618682602280581
0,0,0.13733785828021156
0,0,0.25014443563638694
1,0,0.4886337486499464
1,0,0.43878366770808247
0,1,0.6214817338275123
1,1,0.6013606645313484
0,0,0.10047529608187243
1,0,0.47491130046235286
1,1,0.8364754254455968
1,1,0.6118779080643227
1,1,0.995
1,0,0.38389626338293353
0,0,0.4469458613350201
1,1,0.5169569114794998
1,0,0.3564371354388735
0,0,0.021085920352608412
1,1,0.5053771931415023
0,0,0.3852390409568146
0,0,0.009921052631578949
1,1,0.6872191880154657
1,1,0.6436088337679131
0,0,0.33307036530863676
1,1,1.0
0,0,0.3766743463049873
1,1,0.5444195136522816
0,1,0.5308230524385231
1,0,0.4355161004245363
0,0,0.4913621510200648
0,0,0.3501511505206054
0,1,0.6612797117402335
0,1,0.5094788700791129
1,1,1.0
0,0,0.01867047367047367
0,0,0.4466589202216484
1,0,0.3125256328720821
0,0,0.4251623207138555
1,0,0.2670143899853278
0,0,0.34418205372123706
1,0,0.47198658122757414
0,0,0.33447130447151774
0,1,0.5016375939807401
0,1,0.7505840376538108
1,1,0.5966884203708894
0,1,0.5071672723620545
0,0,0.34465416933329607
0,0,0.3535313029588142
0,0,0.38811633466936546
1,1,0.995
0,0,0.3032247487633866
0,0,0.002976230191826522
0,1,0.5281071087327089
0,0,0.31162069323123276
1,0,0.16980257735546334
1,1,0.5404803102737931
0,0,0.0002564102564102564
0,0,0.4581359229342207
1,1,0.995
0,0,0.010128205128205128
1,1,0.5987986602296766
0,0,0.058499136777132546
0,0,0.30655534984432686
0,0,0.37398991161872835
1,1,0.554277344725427
1,1,1.0
0,0,0.4952931095590926
0,0,0.09947368421052633
1,1,0.995
0,0,0.3621565206358382
0,0,0.31338698217728944
0,0,0.004092523704246297
0,0,0.20374972402580696
1,0,0.48287422511286565
0,0,0.04337382336655592
0,0,0.2657297237330995
1,0,0.4912530570072143
1,0,0.4607324232094988
0,0,0.4398800124621926
0,0,0.02921296296296296
0,0,0.0050531914893617025
1,1,0.995
0,0,0.3969255399948821
1,1,0.634699530987457
1,1,0.5245391473829287
0,1,0.5427491272121617
1,0,0.4611644340761197
0,0,0.40170825602388277
0,0,0.00017857142857142857
0,0,0.06302277432712215
0,0,0.02499382716049383
0,0,0.26443469818800436
1,0,0.4474508018562583
0,0,0.42449100566899156
0,0,0.03241394927536232
1,0,0.22783177861840492
0,0,0.34634436104533634
0,0,0.21166666666666667
1,1,0.7044584557243403
0,1,0.5110859959398079
1,1,1.0
0,0,0.04160253321789442
0,1,0.5065203494648574
0,0,0.01
0,0,0.0012637178051511757
0,1,0.5848855155894178
1,1,0.5160490553269795
1,1,0.9988333333333332
1,0,0.46865685929339945
0,0,0.23526658601520256
0,0,0.3369641053247844
1,1,0.6240780901151779
0,0,0.02
1,1,0.6332144548702476
1,0,0.40657579966090557
0,0,0.030760869565217393
1,0,0.4695174135059545
1,0,0.4423627918238705
1,1,0.5436255118645937
1,1,0.995
0,0,0.3939176890922429
1,1,0.995
0,1,0.6021998276224334
0,1,0.5521388258646475
1,1,0.995
1,1,0.9463226018281543
0,0,0.28942746727460505
1,0,0.4930381944444444
0,0,0.28371259539671717
0,0,0.41211987882607437
0,0,0.03026315789473684
1,1,1.0
0,0,0.39964371668377907
0,1,0.5470751532829472
0,0,0.006254251700680272
1,1,0.5755387176999673
1,1,0.995
0,0,0.035584868421052636
0,0,0.0033110516934046342
1,1,0.5284026167538634
1,0,0.3951575876425031
0,0,0.005204081632653061
1,0,0.473470337949097
0,0,0.3962247455915485
0,0,0.0
0,0,0.447518413135557
0,0,0.02380262805041566
1,0,0.4384888567598675
1,0,0.43810329046958
1,1,0.5664696994251158
0,0,0.005354938271604939
0,0,0.016612667224080266
0,0,0.4906547279803496
0,0,0.3354770133161451
0,0,0.01
0,0,0.41102131373439604
1,0,0.3588835474740569
1,1,0.5461942947865761
0,0,0.28440982116476016
0,0,0.20514338130773802
0,0,0.010421052631578949
0,0,0.42154812605849806
1,1,0.995
0,1,0.5524003177294684
0,0,0.42464652598430935
1,1,1.0
0,1,0.7743165915869354
1,1,0.5300948180095741
1,1,0.5226502767710963
1,1,0.5741594295317259
0,0,0.005734684923064556
1,0,0.2588679824657063
0,0,0.01
0,0,0.4554303217478862
0,0,0.0037628865979381443
0,0,0.43614867817770353
0,1,0.5390534001625974
1,1,0.5657680995843838
0,1,0.5379489933419953
0,0,0.0
0,0,0.3118801516093128
0,1,0.5289335454796398
1,1,1.0
0,0,0.0010716013546202227
0,1,0.6472440382971537
0,0,0.39864294182063326
0,0,0.008027118243220135
0,0,0.17216564652669164
0,0,0.04669911949853286
0,1,0.5507533745677179
0,0,0.021365089852008454
0,0,0.41395513060948325
0,0,0.027237656896008308
0,0,0.3483423653663456
0,0,0.0003125
0,0,0.3194696551158205
1,1,1.0
1,0,0.49891252589057017
0,0,0.3369406262381664
0,1,0.6079942566562432
1,1,0.5069237088722653
1,1,0.6378085461449179
1,0,0.4202601548060796
0,0,0.005769230769230769
1,0,0.47359189523390094
0,0,0.47454057636492336
1,1,0.6966309491164863
1,0,0.35940454003036587
0,1,0.5351293982683698
0,0,0.2639313073707795
0,1,0.7448009691923323
0,0,0.005
0,0,0.4872733247519879
0,0,0.4707834932887107
0,0,0.38101194109829556
0,0,0.006708261883960081
1,1,0.5255563411534431
1,1,0.6422434959877341
1,1,1.0
0,1,0.6876734810680655
1,0,0.4029659019878477
0,0,0.49137687196484253
0,0,0.0
0,0,0.0011436950146627566
0,1,0.5441452997215823
1,0,0.34428702668028843
1,0,0.3279063520300106
0,0,0.472944883880349
0,0,0.01032258064516129
1,1,0.5142434476643394
0,0,0.004051808406647116
1,0,0.3612937540493584
1,1,1.0
0,0,0.045
1,0,0.33402013407977643
1,0,0.45702014251123235
0,0,0.3093974616854707
1,0,0.4645660579941655
0,0,0.006225831467743588
0,0,0.0146875
1,0,0.49855678261761555
1,1,0.5282740653262084
0,0,0.0
0,0,0.3219343496327368
0,1,0.6558797841802528
0,0,0.012407407407407407
0,1,0.7412975768949696
0,0,0.4733973375601219
1,1,0.5148497055748347
1,1,0.6280599691732394
0,0,0.4233094386464497
0,0,0.006476230191826522
0,0,0.10805367363941958
0,0,0.4970043574039412
0,0,0.49400457533203557
0,0,0.006476230191826522
1,0,0.30599220099393987
1,1,0.5491634596672386
1,1,1.0
1,0,0.4138412907573626
1,0,0.4133972599045095
1,1,0.6090024695407709
1,0,0.49147005174115227
1,0,0.4802821763116873
0,0,0.04677981304096477
1,1,1.0
0,0,0.030434782608695653
1,1,0.995
0,0,0.39564161454645025
1,0,0.4146176642841828
0,0,0.0
0,0,0.4837929312428353
0,1,0.6573580533336064
0,1,0.5753265458556691
0,0,0.23363054331440958
1,1,0.7449394995557013
1,0,0.38187405539528124
0,0,0.03628482611315063
1,0,0.2903116590020638
1,1,1.0
0,0,0.009461900851915787
1,1,0.5489810528091347
0,0,0.03
0,0,0.4568911415570255
1,0,0.437936348167305
1,0,0.43073378502566434
1,1,0.995
0,1,0.5366937719843455
0,0,0.013643695014662756
0,0,0.41960517654344315
0,1,0.5756551497783652
0,0,0.2666640690914541
1,1,0.5036410509139876
0,0,0.43268677989054277
1,1,0.5176083229172855
0,0,0.32591309320366013
1,1,0.995
1,1,1.0
1,1,1.0
1,1,0.5727295477021613
0,0,0.007520491803278688
0,0,0.3535979503829443
0,0,0.38584313161861344
1,1,0.5640783846193125
0,0,0.3944685496190343
0,0,0.005
1,1,1.0
1,0,0.4227234822086662
0,0,0.4984690339313814
0,0,0.45888918945727836
1,0,0.4718681830601632
0,0,0.006833333333333334
0,1,0.5039770345976733
1,0,0.47007219084463936
0,0,0.4968028527127609
1,1,1.0
1,0,0.4287168991002367
1,1,0.9423330916301125
0,0,0.4045723056557618
1,0,0.45929792619428755
0,0,0.00011904761904761905
1,0,0.45231774046317935
1,1,0.5098993616666683
0,0,0.03
1,1,0.6592583758673191
1,0,0.4750321244558577
0,1,0.9100438842203549
0,1,0.5102323676844333
1,1,0.99
0,0,0.4774598954006259
0,0,0.08060544217687074
1,1,0.766267660218829
1,1,0.524916051708076
0,0,0.008263157894736842
1,1,1.0
1,1,0.5506345017318433
0,0,0.2146549076098137
1,1,1.0
1,1,0.590144621629226
1,0,0.49932532696169724
0,1,0.5231708768064223
0,0,0.182661951751763
1,0,0.39650074638552213
0,1,0.518406764347596
1,1,0.5135858100875381
0,1,0.507897652126067
1,1,0.5299755438897228
0,0,0.0012562814070351757
0,0,0.006476230191826522
0,0,0.4170719152592939
0,0,0.005
1,1,0.5479654155397985
1,1,0.5007995752163583
1,1,0.995
1,1,0.5264755283291259
0,1,0.6246689149684146
1,0,0.3834207211337101
1,0,0.4857675212162957
1,0,0.3883997516936606
0,0,0.481402897287469
1,1,0.985
1,1,0.9868181818181818
0,0,0.48717474368801833
0,0,0.0013157894736842105
0,0,0.05569691485425507
1,1,0.9708333333333333
1,1,0.5121755906149944
0,0,0.4251339376503973
0,0,0.336720574373514
0,0,0.15287269008236942
0,1,0.5203013333144636
1,0,0.4673306278887353
1,1,0.7374776534863203
1,1,1.0
0,1,0.5082111443818931
0,1,0.5746389511259182
1,1,1.0
1,0,0.44327684444500176
0,0,0.015623540002563439
0,1,0.6705120921233388
0,1,0.6719659552960442
0,1,0.6007433253852608
0,0,0.008044293171479222
0,1,0.6075085423551224
1,1,1.0
0,0,0.4379803675241878
0,0,0.008647947363543695
0,0,0.4669180947850345
1,1,0.9358223479505348
0,0,0.009747835130098127
0,1,0.5962970168435237
0,0,0.02791666666666667
1,1,1.0
1,0,0.4201656907332824
0,0,0.02084448160535117
1,0,0.37890698820203
0,0,0.01300020598736611
0,0,0.4462953295210314
0,0,0.1838142573083022
1,1,0.5570513876921973
1,1,0.5894817817098008
1,1,0.6345356176600596
0,0,0.007323492658544205
1,0,0.38782428520811996
0,0,0.43099039299097386
1,1,0.5187705134979921
1,1,0.9488505500619138
1,1,1.0
0,0,0.3363305672378087
0,0,0.47269928838444925
1,1,0.6391590982437819
1,1,0.8905984628222373
1,1,1.0
1,1,1.0
0,0,0.4530475322904857
0,0,0.281591944215586
0,1,0.5265944037567666
0,0,0.0013253003328991169
0,1,0.5010072440371762
0,0,0.23295649429461207
0,1,0.5736325731466306
1,0,0.3736300317731166
0,0,0.002407407407407407
0,1,0.5689529487181785
0,0,0.47870873117644536
1,1,1.0
0,0,0.3546371529051027
0,0,0.400332287097746
0,1,0.6462160327292068
0,0,0.003849934616945484
1,0,0.41444880190398675
1,1,0.5640732063823698
1,1,0.5405828649911163
0,0,0.002703252032520325
1,1,0.667604142118017
0,0,0.01
0,1,0.524535697298277
0,1,0.510798927073274
0,0,0.4230556797293012
0,0,0.34661360559799176
0,0,0.0
0,0,0.01
1,1,0.975
0,1,0.5585067203385904
0,0,0.29999733199056605
0,1,0.5127202474485144
0,0,0.0
0,0,0.011067961165048544
1,0,0.2302415415570877
0,0,0.00037577213452299243
0,0,0.43418938636913806
1,0,0.4437546997141377
0,0,0.014696969696969698
0,0,0.41518544907004923
1,1,0.5082521145697305
0,1,0.5474866456837877
0,1,0.534182817854856
1,0,0.49109298761855646
1,1,0.995
0,1,0.5065576745929935
1,1,0.5073554588209
0,0,0.2953693275082431
1,0,0.3903443041153185
1,0,0.490596799168626
1,1,0.5774070724063278
1,0,0.3641619889348723
0,0,0.32076731157049115
0,0,0.2752261651800405
1,1,0.500430393092212
1,1,0.5275282725389114
0,0,0.43421688748316917
1,1,1.0
0,0,0.013081841861920865
1,0,0.2858489190204696
1,1,0.5749678377399549
0,0,0.3781627621463576
0,1,0.5942040521629535
1,1,0.99
0,0,0.4593604742300179
1,0,0.47869262725602385
0,1,0.5600563195394286
1,1,0.5023287856751463
1,1,0.5449810582069053
1,0,0.48843391262037644
1,0,0.4961072022305074
1,1,0.995
0,0,0.28210751130675676
1,1,0.5120567327317771
0,0,0.317986617302127
1,0,0.4992053230870485
1,0,0.42948704595694887
1,1,1.0
1,1,0.5598292033748322
0,0,0.4666647941063089
0,0,0.4837880038094973
0,0,0.4732200574920825
0,0,0.011993189628241176
1,1,0.6365491668531503
1,1,0.6045310461606928
1,1,0.8375670383426933
1,0,0.47436241075149677
0,0,0.012437751509054325
1,1,0.5474962829377281
0,0,0.36529727544910806
1,1,0.537398140718357
1,1,0.9872190223112632
1,1,0.5178286356709261
1,1,0.995
0,0,0.46928764739702133
1,0,0.3631924335073784
0,0,0.0061764705882352946
0,0,0.0018705882352941178
1,1,0.99
1,1,0.5364858553894049
1,1,0.5330733710815118
0,0,0.020348837209302327
1,0,0.3844617404858118
1,1,0.5685565755087041
0,0,0.3586822031542783
1,0,0.4384201384955041
0,0,0.4122369001853797
1,1,0.985
0,0,0.035
0,0,0.38069728887686055
1,1,0.6582138651528724
0,0,0.013000000000000001
1,1,0.5179090723711507
1,1,0.5683815066072218
1,1,0.5165754651017551
1,0,0.48699784820961467
0,0,0.0
1,1,0.8149251523188512
0,0,0.35258397235297245
0,0,0.2894454611707924
0,1,0.6158927662980287
1,0,0.3511134838832365
0,1,0.5942398633572431
1,1,1.0
1,0,0.39639403432928516
0,1,0.8485419590795316
0,0,0.2412573077009727
0,0,0.45502802230611855
0,0,0.4420712091176545
0,0,0.0014762301918265221
0,0,0.0
0,0,0.4173828092194962
1,1,0.99
1,1,0.5631598965720915
0,0,0.4876161793722665
0,0,0.0
1,0,0.4761037716621891
0,0,0.2532363379432731
1,1,0.7930969659110181
1,0,0.4152595473374707
0,0,0.4039522903669885
1,1,0.6042762006263814
0,1,0.5799119384117403
0,0,0.3237602625507956
1,1,0.5730111915136527
1,1,1.0
1,1,0.995
1,0,0.3834483648360078
1,1,0.5219759960951279
1,0,0.4629527532997891
0,0,0.17996724227273295
1,1,1.0
1,1,1.0
1,1,0.561288645381294
1,0,0.4260485147145271
0,1,0.5256400819693173
1,0,0.28886399076723046
0,0,0.3742486754525516
1,1,0.995
1,1,0.9790372495151907
1,1,0.6169901568465187
0,0,0.20705853021710244
1,1,0.6482660027410694
1,1,0.96
1,1,1.0
1,1,0.8194168061572534
0,0,0.4571693249578017
0,0,0.0035481519565033672
0,0,0.42421576091110347
0,0,0.4951711741627038
1,1,0.5154669055891299
0,0,0.43329570564610187
1,0,0.33448637057371855
1,1,0.6860286607500962
0,0,0.003337166285435883
0,1,0.5428050080329365
1,0,0.49849695249754306
0,0,0.4029146235650662
0,0,0.02
0,0,0.3179507678066772
1,0,0.36022331069865876
1,1,0.5016694626867532
0,0,0.3490110346107925
0,1,0.5684287822755327
1,0,0.3321113223429271
1,1,0.5090586397054816
1,0,0.3286764524143816
0,0,0.2742959207569557
1,1,0.6639727343090555
1,1,1.0
0,0,0.01970424613641135
0,0,0.40466894016706356
0,0,0.002379182156133829
1,1,0.8438019725144508
1,1,1.0
0,0,0.42630079840857066
0,0,0.030539046798736723
1,1,0.995
0,0,0.0
0,0,0.0056867565076159955
1,1,0.5932513827520086
1,1,0.5379877968472118
1,0,0.4883693124312673
0,0,0.02
0,0,0.3603411084344898
1,1,0.6223785275194011
1,0,0.27492704388579214
0,0,0.45279694523022124
1,1,0.995
0,0,0.0016312814070351758
0,0,0.39505470733680975
0,1,0.554405193849748
1,1,1.0
1,1,0.995
0,0,0.11607470631048289
0,0,0.40992058816741567
0,0,0.43065636571495847
0,0,0.2706306183065545
1,1,0.995
1,1,0.99
0,0,0.004371048559428192
0,0,0.23063850125725993
0,0,0.25641129638440224
0,0,0.4749502055753198
0,0,0.0005454545454545455
0,0,0.49595917681988216
0,0,0.215
1,1,0.6289827879198273
1,0,0.28769657073787064
0,0,0.3374177711794222
0,0,0.2396569997890755
0,0,0.00043478260869565214
1,0,0.46482868330063193
1,1,0.99
0,0,0.001975608847188271
1,1,0.5490811045662314
1,0,0.45942180690435924
0,0,0.3667279033168322
0,0,0.0018292682926829267
0,1,0.6032932986064483
0,0,0.4616737718650251
0,1,0.6039815847534349
1,1,0.5017381576045252
0,0,0.08134895717072509
1,0,0.4796715375219071
1,1,0.5472089048878062
0,0,0.0005374149659863946
1,1,0.98
0,0,0.025
1,1,0.995
0,0,0.008081023665493682
1,0,0.3987036643469139
1,0,0.3901308779980457
1,1,1.0
1,1,0.5337190627051399
0,0,0.009210526315789473
0,0,0.0056875
0,0,0.3692236193365416
1,0,0.07183342950914601
1,1,0.6999275950027921
0,0,0.016186185618243924
0,0,0.45141430693073503
0,0,0.27808029204785795
1,1,0.5410479030842957
0,0,0.4792232599869441
0,0,0.010735294117647058
0,0,0.025
1,1,0.5057020284090972
1,1,0.9228400982595096
0,1,0.609442749371674
1,0,0.48341351113508724
1,1,0.975
0,0,0.2884617417296421
0,1,0.5330524201836839
0,0,0.0
0,0,0.4491168729654771
0,0,0.4544854089902895
0,0,0.0
0,1,0.5950529401537349
0,0,0.2532428885611411
1,1,0.5987381442958192
0,0,0.3621066171896917
0,0,0.3827967973734772
1,0,0.48019121567825357
1,0,0.33590371086910464
0,1,0.5632426932685064
1,1,0.5030120284829398
0,0,0.016465677179962893
0,0,0.4720925419787503
0,1,0.5275752366276247
1,1,0.959940729571121
0,0,0.498910437276239
0,1,0.5247035364050536
1,1,1.0
1,0,0.496797220592667
0,0,0.3656695099782943
1,1,0.5007699277539985
0,1,0.5674243179908361
0,0,0.389036424039043
0,1,0.5158516803456631
0,1,0.5277237081440355
1,1,0.5389791244502455
0,0,0.47248305083972597
0,0,0.49049118473675557
0,1,0.5777620786306703
1,0,0.31050538545206074
0,0,0.21730626701148734
0,0,0.023581453634085214
0,1,0.5541019180131538
0,0,0.20387873290442962
0,0,0.47312489608533886
1,1,1.0
0,0,0.21160814462939573
0,0,0.0023095635251598554
0,1,0.5627782612588235
0,0,0.2846334561946399
1,1,0.53732571482438
0,0,0.036000000000000004
0,0,0.4946544142766662
1,1,0.5645029533733896
1,1,1.0
0,0,0.43182618962589475
1,1,1.0
0,1,0.5009057997179629
1,0,0.46160907722005845
0,1,0.5995733699405785
0,0,0.3211004287119234
0,1,0.9318258592756444
1,1,0.5114432254600186
0,1,0.6055336462981491
0,0,0.3374636934265929
1,1,0.5390809437987776
1,0,0.3208819135602101
0,0,0.051666666666666666
1,0,0.23928079984466857
1,0,0.3760452560517814
1,1,1.0
0,1,0.5001931000613081
0,1,0.6689557971308264
0,0,0.46120122721754747
1,0,0.42597708817228935
1,1,1.0
0,0,0.0002380952380952381
0,0,0.0078125
1,1,0.9979347826086956
1,1,1.0
0,0,0.13669979387600098
0,0,0.09230147049883891
1,1,0.5741430452159997
0,0,0.45189471069887
0,1,0.5441890331310192
1,1,0.995
0,1,0.5352848677328119
0,0,0.11742284453786328
0,1,0.5241921472323411
1,0,0.48030550931587834
1,0,0.4935828132367066
0,0,0.01
1,1,1.0
0,0,0.012307692307692308
0,0,0.005
1,0,0.4380671163636233
1,1,0.7336033939390114
1,1,0.5630686805915031
1,1,0.8212067422082062
1,1,0.5224412125690299
0,0,0.075
0,0,0.0076513956580074
0,0,0.379457758368696
0,0,0.030682870370370367
0,0,0.018622697859631655
1,0,0.32700349812683094
0,1,0.6068017248206237
1,1,0.5342587235315045
1,0,0.3720341604687746
0,0,0.045
0,0,0.38509776371892945
0,1,0.5482265738814774
1,1,1.0
0,0,0.0
0,0,0.013999999999999999
0,1,0.5075339807240122
0,1,0.5509722809067616
1,1,0.6662214670593214
1,0,0.4666093458167619
0,0,0.37309093484189826
1,0,0.3470453011371719
0,0,0.4741177411105914
0,0,0.35952571967759384
0,0,0.2709455126470119
1,0,0.43183534222643233
1,0,0.38704111548887127
0,0,0.22130828246426087
0,0,0.0025476587632550936
1,1,0.985
0,0,0.001524767801857585
0,0,0.005909090909090909
0,0,0.0013636363636363635
1,1,1.0
1,1,0.6240228102386443
1,1,0.6112600919381864
1,1,0.9963636363636365
0,1,0.5216406492665233
1,1,0.5731933700485474
0,0,0.0014762301918265221
0,0,0.008263157894736842
1,0,0.40735222471828636
0,0,0.4268346543064551
0,0,0.3839629311074664
0,0,0.2354476854085787
1,1,0.995
0,0,0.46763443056503873
0,0,0.3575518156072057
1,1,0.5392318752677501
0,0,0.059000000000000004
0,0,0.39634094634245054
0,0,0.008709677419354838
0,0,0.4451117850584114
0,0,0.38141590539480524
1,0,0.3757700233034005
0,0,0.015
0,0,0.4184435010596891
1,0,0.488306164241243
0,0,0.097520795091765
0,0,0.45406371488890085
1,1,0.5253146845998552
0,0,0.43919714089000456
1,0,0.49233436210556225
1,0,0.345998132417775
0,0,0.003947368421052632
0,0,0.005
0,0,0.0019158038582001715
0,0,0.41860926383303587
1,0,0.42292038853475133
0,0,0.4308151807734783
0,0,0.44290411651356587
1,1,0.683589251883842
0,0,0.006633663366336634
0,0,0.47236755391405266
1,1,0.995
0,0,0.0661231884057971
0,0,0.004876483470122491
0,0,0.022250000000000002
1,1,0.7068928433651083
0,0,0.03728187919463087
0,0,0.3632858649094106
0,1,0.5301547798496178
1,1,0.5617995180822936
0,0,0.006629213483146068
0,0,0.45093881401925295
0,1,0.5658768626308485
1,0,0.4198142779315227
0,0,0.4961685397982445
0,0,0.0
1,0,0.4841734351226226
0,0,0.00421875
0,1,0.5781347311317817
0,0,0.47158937522172656
0,0,0.41327082877523824
0,0,0.02201559714795009
1,1,0.99
1,1,0.7354535206096677
0,0,0.24677800626366583
0,1,0.5552712737127545
1,1,0.5486466144446419
1,1,0.995
1,0,0.3614573232106531
1,1,1.0
1,1,0.9462266731912803
0,1,0.5132148476002922
1,1,0.5256215815588581
0,0,0.4150970308939806
1,1,1.0
1,0,0.28294993816442576
1,0,0.4290285251887541
1,1,1.0
0,0,0.4915475216800034
1,1,0.512664777488043
0,0,0.00878392249951883
1,1,0.9522142857142856
0,0,0.46721179830224485
1,1,0.6089617459570149
0,0,0.37621924006754626
1,1,0.5003125690301712
1,0,0.41982687803105306
1,1,0.995
0,0,0.00858828409050796
1,0,0.4912466838689618
1,1,1.0
0,0,0.4717441369232082
1,0,0.41887942584824217
0,0,0.37549468199656916
0,0,0.010745787675268056
1,1,0.5188688549838223
0,0,0.3950762483555261
1,1,1.0
0,0,0.007562354312354313
1,1,0.833647166264387
1,1,0.6638397866287405
1,1,0.5728063854370109
0,1,0.5112237442256284
1,1,0.6628063019340429
0,0,0.38848551440815166
1,0,0.4362350185760759
0,0,0.32974779903745693
0,0,0.4838992361584544
0,0,0.47537299343053696
1,1,0.7236566281208663
1,0,0.4515752856879496
0,0,0.3484588376336459
1,1,0.5065462204118191
1,1,1.0
1,0,0.3275
1,1,1.0
1,0,0.42557912624671174
0,0,0.003038194444444444
1,0,0.3254567244310111
0,0,0.48919261220997995
0,0,0.3904450798472199
1,1,1.0
1,0,0.4064044549673639
1,0,0.3990907064114534
0,0,0.09803107638489428
0,0,0.006021505376344086
0,0,0.010534082692434102
0,1,0.5351556401137695
0,0,0.39657590826390193
1,1,0.5176222333339991
1,1,0.5287926673335506
1,0,0.4808259427677146
1,1,1.0
1,0,0.3896809007680239
0,0,0.47829422517972536
0,0,0.35320132429956014
1,1,1.0
0,0,0.47051804423684696
1,1,0.5681396464111568
1,1,0.5251041991593854
0,1,0.5029276058361187
0,0,0.44074884843172407
1,1,0.99
0,1,0.5607902732080523
0,0,0.34978844785441426
0,0,0.3889604943804747
1,0,0.43598322483295854
0,1,0.5439050477510036
1,0,0.4730455923904961
1,1,0.9979347826086956
1,1,0.5198728049331119
0,0,0.417720199093675
0,0,0.47233163311191345
0,1,0.5202687253569779
1,1,0.8390845791827679
1,0,0.4642914630966144
1,1,0.5207502253052445
0,0,0.43710731250337104
0,0,0.010053191489361702
0,0,0.007614283249956875
0,1,0.5776506756079101
1,0,0.4758633707242469
1,0,0.2881945723439085
1,1,0.7206410626330658
1,0,0.42742450716349717
0,0,0.4784281723391252
0,0,0.018271604938271607
1,0,0.43186023816221164
1,1,0.6472973404719911
0,0,0.3706958745341862
0,0,0.147935893213529
0,0,0.0024977355681706083
1,1,0.6025542567280762
0,0,0.37138965693836345
0,0,0.025
1,1,0.99
1,1,0.995
1,0,0.48429557075948737
1,1,0.56439574932083
0,0,0.01511111111111111
1,0,0.4466752597309038
0,0,0.005645363408521302
1,1,0.6704673916552357
1,0,0.38518785577505793
0,0,0.387469984947583
1,1,0.665169926740203
1,0,0.4787119758190441
1,0,0.4737317873663611
1,1,1.0
0,0,0.0016836734693877551
0,0,0.3866038452571415
0,0,0.25043153531433376
0,0,0.4541946998559298
0,0,0.44513200188726343
1,1,0.657424035216735
0,1,0.5065283592616687
0,1,0.5612748087633542
1,0,0.4977088337857649
0,0,0.3984992945174291
0,0,0.2658355443236459
0,0,0.20118518484532927
0,0,0.45540427617648865
0,1,0.6691498815897117
0,0,0.049090909090909095
0,0,0.34657090199836227
1,0,0.38073338518287725
0,0,0.02067901234567901
1,0,0.3189966014584418
1,1,1.0
0,1,0.5579585715479892
1,0,0.21708741366198914
0,0,0.4152339010229785
0,0,0.3951104518508631
0,1,0.5054706636538526
0,1,0.5398937920162706
0,0,0.37272472775771986
0,0,0.12163968912114209
0,1,0.5407896418291566
1,1,0.5089787892334057
0,0,0.3901233609019814
0,0,0.025
1,0,0.37820648902576515
0,0,0.46008690801388596
0,0,0.0243190133532955
1,0,0.4025653712919412
0,0,0.005
1,1,0.6287177026400812
0,0,0.012628245288692863
0,0,0.013571428571428573
0,0,0.22651061360014263
1,0,0.28763593432758594
0,0,0.005
1,1,0.639662471846025
0,0,0.002379182156133829
1,0,0.49344990902519953
1,1,1.0
1,0,0.4412896721539365
0,0,0.19622935973873223
1,0,0.4663480737344428
1,1,0.5756221296645934
0,0,0.010555555555555556
0,0,0.010160557012666502
1,0,0.4062713095586801
0,0,0.27009750890686735
0,0,0.01
0,0,0.33976666049740367
0,0,0.004363636363636364
0,0,0.004919626418241616
0,0,0.3775600604461007
1,1,0.995
0,0,0.4759545352470786
1,1,0.99
1,1,0.5939230153080769
0,0,0.008622795622096115
0,0,0.4846079629404925
1,0,0.43998599960586127
1,1,0.5690399663291534
0,0,0.004608657437925731
1,1,0.5533894735913367
0,0,0.17120813936946483
1,1,0.5310664721621079
0,0,0.34793976659807685
1,1,1.0
0,1,0.5488946727524273
1,1,0.5525084443571595
1,0,0.45168320003853263
0,0,0.03892857142857143
1,1,0.5619581722450118
0,1,0.5025997393429747
1,1,0.8635813911739331
1,1,0.5919648382206879
0,0,0.4129842925661432
0,0,0.34016674523654344
0,0,0.402881795589477
1,1,0.5245281893588145
1,0,0.49025829706576934
0,1,0.6243747069083869
0,0,0.0016044353200316505
0,0,0.31081380147722243
0,0,0.1403343278328515
0,0,0.25354861438139387
1,0,0.39012634930708023
0,0,0.27533711659170396
0,0,0.015
1,0,0.43848949656962083
0,1,0.6975332392259109
0,0,0.41429732347677684
0,0,0.0
0,0,0.00243202416918429
1,1,0.6738986390799125
1,0,0.4351588921217153
0,0,0.09607418929404203
1,0,0.4318522172732949
1,1,0.5972220077545428
1,1,0.5339455329513416
0,0,0.35359215019846857
0,1,0.6222117459134892
0,0,0.028764204545454544
0,0,0.2339251252533769
0,0,0.4105156732087742
1,1,0.995
1,0,0.28249665204816937
0,0,0.35893804677608615
1,1,0.6697494175843124
1,0,0.48686387428527295
0,0,0.3785801779846921
0,0,0.44070458442359334
0,0,0.0024285714285714284
0,0,0.26133439512509143
1,1,0.6859689514710265
1,1,0.7020586068834274
0,0,0.4703203653467436
0,0,0.45258782272791664
0,0,0.3893475001894181
0,0,0.00042105263157894734
0,1,0.5692349506677506
0,0,0.0074341357522156705
0,1,0.5887109882666437
1,0,0.3500022685042002
1,0,0.3030547167555468
0,0,0.011033170077899043
1,1,0.6878508881913871
1,1,0.995
1,0,0.34996416652959733
1,0,0.4265041450159793
0,0,0.41558555954066817
1,1,0.9923333333333333
0,0,0.452627115547595
0,0,0.48253382133699235
1,0,0.3388823870746456
1,0,0.4745606965425609
1,0,0.4574652429204809
1,0,0.45085124959809547
0,0,0.0
0,0,0.23965071950507125
0,1,0.5925749971358453
0,1,0.5230896110356774
0,0,0.21137924171557823
0,0,0.01641898347784008
0,0,0.3136512761892296
0,1,0.6247727177458055
0,0,0.02204081632653061
0,1,0.5750867220404229
0,0,0.3809656771351962
0,0,0.47927458609893714
0,0,0.003650143235304783
0,0,0.38637821587957916
0,0,0.17255882558930594
1,1,0.5034563077834947
1,1,0.600709445050818
0,0,0.4919640650722448
0,0,0.3001230797879783
0,0,0.015
1,1,0.6879289249383621
0,0,0.38977001240257947
1,1,0.5108972901776923
1,0,0.43510731878540815
0,0,0.4963931476247606
1,1,1.0
1,1,0.5727651207230037
0,1,0.5303882824551325
1,1,1.0
1,1,0.9868181818181818
0,1,0.5131532797183771
0,1,0.6217263935832178
0,0,0.4459899278384571
0,0,0.42397117468027284
0,1,0.5798693686726731
0,0,0.3885886424023726
1,0,0.49366372029428773
0,0,0.008109893558163156
0,0,0.04625423565580293
1,1,0.5032632746083787
1,1,0.6391153052879499
1,0,0.48557940353715096
0,0,0.4083210385953976
1,0,0.4569262324335422
0,0,0.3679147771385395
0,0,0.026051948051948055
1,0,0.4117449469355253
0,1,0.5037600025373618
1,1,0.544148490620402
0,0,0.3851637325730595
1,1,1.0
0,1,0.5253707060177163
0,0,0.4119163880524212
0,0,0.38596705793831726
0,0,0.006196969696969697
0,0,0.12174108389312932
1,0,0.3706819020495935
1,1,0.5506801983263351
1,1,0.5720383573582781
1,0,0.47895753275978853
0,0,0.0003448275862068965
1,0,0.3349038199627511
0,0,0.19067120888942454
0,0,0.017267387218045115
1,0,0.3967145175819892
1,1,1.0
1,1,1.0
0,0,0.32282774695008426
1,0,0.3985542669995572
0,0,0.02333333333333333
0,0,0.3240819233571072
1,1,0.99
0,0,0.006633663366336634
0,0,0.09833333333333333
1,1,0.6534290866004262
1,1,0.5741539258164555
1,1,0.5205747665566001
1,0,0.4121208864612351
0,0,0.007727272727272727
0,0,0.3966507966519535
0,0,0.3047970069418276
1,1,0.985
0,0,0.4218751441223392
0,0,0.2357706160921213
0,1,0.5215488544948782
0,0,0.004511904761904761
0,0,0.4938294330162142
1,0,0.3353889500080092
0,1,0.5007826559555791
1,1,0.975
0,0,0.3586394321694219
0,0,0.3836968520873658
0,0,0.3397052771725344
0,0,0.005
1,0,0.4334991897491903
1,0,0.4761440270308338
1,0,0.3287371758385191
0,0,0.0023636363636363638
0,0,0.4868661834648612
1,1,0.6432736465292173
1,0,0.4760210814924492
0,0,0.49053411652155626
0,0,0.3705333730345421
0,1,0.6279110718274719
1,0,0.4733873419459937
1,1,0.950818294035642
0,0,0.3037948930172292
0,0,0.034823232323232325
0,0,0.3370266478825439
0,0,0.31190037334673354
1,1,0.995
0,0,0.3818340697367887
0,1,0.6086286460665115
0,1,0.6209389664843403
0,0,0.4510325316813211
0,0,0.02
1,1,0.6353236208589023
1,1,0.5814325354945257
1,1,0.7507465180036008
0,0,0.08110960540887101
0,1,0.5253607721827508
1,0,0.44864729276208315
1,0,0.38510870809920006
1,0,0.36418163828568517
0,1,0.5121011711637469
0,0,0.4813644183947903
0,0,0.1334036256095384
1,1,0.5782413827931517
0,0,0.05
0,0,0.004147947363543693
1,0,0.37410837047486856
0,0,0.0075
1,1,1.0
0,0,0.10599050862475347
0,1,0.5141869413963364
0,0,0.42811563956969634
1,0,0.4749552078625125
1,0,0.46283103397072006
0,0,0.3921662249923093
0,1,0.5066523776223112
1,1,0.5104460608066992
1,1,0.99
0,0,0.3482626900514357
0,0,0.013164155148675274
1,1,0.5308495333119938
0,0,0.4492164971789821
0,0,0.0
1,1,0.8144775351292078
1,0,0.41824143963307997
0,1,0.6603340891357442
0,1,0.5245640940256888
0,0,0.0003333333333333333
1,1,0.995
0,0,0.32955228762631106
1,1,1.0
0,1,0.5081920588287442
0,0,0.2271303535547863
0,0,0.0061766285856722156
1,1,0.5619135613048846
0,1,0.5323101203896903
1,1,0.5872796067386349
1,1,0.8199554273428474
0,0,0.15027199872596927
0,0,0.4921579759916539
0,0,0.006939024390243902
0,0,0.2034861427861941
0,0,0.4149890337288425
0,0,0.336106428393623
0,0,0.2371362586986812
0,0,0.010238095238095237
1,0,0.49419880487944823
1,1,1.0
0,0,0.41504023414073915
1,1,1.0
1,1,0.995
0,1,0.5719160145980775
1,0,0.36169264104544147
1,1,0.587332754413818
0,0,0.00629523418524912
1,1,1.0
0,0,0.3480001540842631
0,1,0.6034783698344469
1,0,0.40415396967973444
1,1,1.0
0,0,0.07666666666666667
1,0,0.37684491394146497
0,1,0.5073170816590671
0,0,0.007171717171717171
1,1,0.5533124113193771
0,0,0.4374515604725655
1,1,1.0
0,0,0.2629859219390152
0,0,0.3099324097246345
1,1,0.7104917225805683
0,0,0.006071428571428571
0,0,0.44943611592933563
0,0,0.30535079671188853
0,0,0.36196304506778965
0,1,0.5571878606436763
0,1,0.551489678380975
1,1,0.99
0,0,0.3925239518134718
0,1,0.6527070761736167
0,0,0.3392637837380051
0,1,0.5270396902336993
1,1,1.0
1,0,0.22461091144687842
0,0,0.37618443201096013
0,0,0.0014747474747474746
1,0,0.37881442004027077
0,0,0.4074016076275669
0,1,0.500553594506536
0,0,0.4133110287069306
1,0,0.46393748739710416
0,0,0.01917835117765167
0,0,0.10748592712360969
1,0,0.3649754505099223
0,0,0.3615155941874044
0,0,0.0052723577235772355
0,0,0.3870393944002214
1,1,0.7144771471805379
1,1,0.9913636363636364
1,0,0.26591987681002005
0,0,0.11657211121163438
0,0,0.170083401324162
0,0,0.37281329351871206
1,1,0.5351053661145558
1,1,0.5089717271155539
1,1,1.0
1,0,0.4006345143438432
1,0,0.4270062398114811
0,1,0.5419403021359169
0,0,0.0033237375232048217
0,0,0.0
1,0,0.4225039147271978
1,1,1.0
1,1,0.5295284847999083
1,1,0.5989041384479862
0,0,0.4906089145763523
1,0,0.4676046870613482
1,1,1.0
1,1,0.515412436949705
1,1,0.99
0,1,0.55606118864324
0,0,0.4956554862506933
0,0,0.002692307692307692
1,0,0.3658794900952178
1,0,0.36212427340927833
0,0,0.48285900953059496
1,1,0.5264429564406853
1,0,0.3833923525583742
1,0,0.2626314185667113
1,0,0.37041117222995934
0,0,0.3591916869314911
0,0,0.4745248516123198
1,0,0.48878979116318766
0,0,0.0014762301918265221
0,1,0.5176506911216413
0,0,0.015088410991636799
0,0,0.3818812831636148
1,0,0.4470315309362911
1,1,0.9349994811349168
1,0,0.47152872552726643
1,0,0.4466025816807757
1,1,0.5137409356012071
1,0,0.43229451294154786
1,1,0.5088973620472066
1,1,0.6474182103053667
0,0,0.32166201030343056
1,1,0.5525282715509188
1,1,0.99
1,1,0.5010151905633967
1,1,1.0
0,1,0.6349744403383053
0,0,0.42477311152080693
0,0,0.35870399718076384
0,0,0.010605442176870747
0,0,0.05716775599128541
0,0,0.002976230191826522
0,0,0.4845888133196341
0,0,0.4272425428976019
1,1,0.7868605380064579
1,1,0.5825915005352729
0,0,0.025
0,0,0.34322729894991205
0,0,0.03
0,1,0.5122379458567796
0,0,0.015
1,0,0.35306370706903584
0,0,0.24476388199537272
0,0,0.4769000806890071
0,0,0.010272727272727274
0,0,0.01
0,0,0.4979630988832401
0,0,0.4486453607422171
0,1,0.5069138847859622
0,0,0.46630832441915415
0,0,0.44843217540966757
0,1,0.782387827929208
1,0,0.4498023268259335
0,1,0.5016949766717446
0,0,0.07085606344089825
0,0,0.33158826652900814
0,0,0.2058573604686397
1,1,1.0
0,0,0.0027171717171717174
1,0,0.35735705275726837
1,1,0.5341417818603116
0,0,0.4986232001488793
0,0,0.4251136216501695
1,1,1.0
0,0,0.33878392660707013
1,1,0.6040744573404446
0,0,0.41076511709915337
1,0,0.4978356597532737
1,1,0.5854769739495116
0,0,0.01017297926481453
0,0,0.4533474947133125
1,1,0.9288058419243985
0,1,0.5559207091290903
0,0,0.38070230016181
0,0,0.011025641025641027
1,0,0.478944517633389
1,1,0.98
1,0,0.4312010837779514
0,0,0.2826166929107324
0,0,0.03
0,1,0.6596904303304926
0,0,0.49709727988229707
0,0,0.3158424309989154
0,0,0.12663773042971108
1,0,0.3445542666771885
1,1,1.0
0,1,0.5534898429292836
0,0,0.39071055355958606
1,1,0.5621717540357675
0,0,0.33341857637852707
0,0,0.38375172491931187
0,1,0.5566767092543039
1,0,0.492813829999958
0,0,0.3835466921105827
0,1,0.5325939338759347
0,1,0.628062872290122
1,0,0.49962201252115745
0,0,0.015
1,1,0.5394334791399724
0,0,0.4595488575706733
0,0,0.39566653400148644
1,1,0.5128530884860816
0,0,0.4449607221954779
1,0,0.49695614357611506
1,1,0.995
0,1,0.5015052823162391
0,1,0.5209937886531776
1,0,0.45676730369343105
1,1,0.5410392877557715
0,0,0.004461900851915787
0,0,0.3267060366762075
1,1,0.6137230576388726
0,0,0.003539752362333008
0,0,0.2090532552980181
0,0,0.006846505376344086
0,0,0.02230641592920354
0,0,0.3887395741043222
0,0,0.49467526394058386
1,0,0.39869497934036585
1,0,0.37225628507664027
0,0,0.006559782608695651
1,1,0.6135104691932813
1,0,0.19408617869192857
1,1,0.7686676820278787
1,0,0.4935983745184155
0,0,0.4359427899871586
0,0,0.45986018540385587
0,0,0.03
0,1,0.5914580172191567
1,1,1.0
1,0,0.2804329135013692
0,1,0.6031100346655122
0,0,0.31841978370572255
1,1,0.6158877926566587
1,1,1.0
1,1,1.0
1,1,0.524490155787232
0,0,0.3291820440036415
0,0,0.4867661540285845
0,0,0.00881461403021036
0,1,0.8481722432459061
0,0,0.13334563495756593
0,0,0.0
1,1,0.5904984794270465
1,0,0.4694727273217874
1,1,1.0
1,0,0.4291379078018834
1,1,0.5679286294723522
0,0,0.3411434320932556
1,0,0.48802130754966355
0,0,0.36119023880432233
1,1,0.521479938231055
0,0,0.011601771317367646
0,0,0.0017887301918265222
1,1,0.7293269584877708
0,0,0.06319562482076008
0,0,0.4361554498451873
1,1,0.5975389316333201
0,0,0.4339235787667757
0,0,0.24447580882807926
0,0,0.2954212076726004
0,0,0.44707637193832156
1,1,0.6609461730257595
1,0,0.33001029279479105
0,0,0.35716000014396165
0,0,0.4482789079731815
1,0,0.4053753562467438
0,0,0.022486944645296054
0,0,0.005
0,0,0.3773485479619359
1,0,0.4663539824773481
0,0,0.005
0,0,0.010919295323928945
0,0,0.017059391612849258
1,0,0.2612565169975491
0,0,0.009883004561341153
0,0,0.2992423340278351
0,0,0.45267602124628303
0,0,0.010208333333333335
1,1,0.5631247466531
1,1,0.5201981922958412
0,0,0.07017778312633544
0,0,0.4740434337146814
1,0,0.4205297202625916
0,0,0.3538286096181698
0,0,0.4579951947133945
0,0,0.007722744998449237
0,0,0.31092353333913464
1,1,1.0
1,1,0.6388638836676048
0,0,0.002976230191826522
1,1,0.739542305508534
1,0,0.4954374674595309
0,0,0.006173199888796219
1,1,1.0
0,1,0.6513949872934233
1,0,0.4763676284638926
0,1,0.6669790695829622
0,1,0.523316352703023
0,0,0.4889035722196378
0,0,0.09096892328474332
0,1,0.5365640635040783
1,0,0.40846693699357167
1,0,0.3609560750680707
1,1,0.995
1,1,0.5733150220101928
0,1,0.5112213594314292
0,1,0.5040042216152953
0,0,0.35177067865207934
0,0,0.45015596974697386
0,0,0.3704219660719134
0,1,0.6336532446077351
1,1,0.995
1,1,0.5493483364830096
1,1,0.6512977099070524
0,0,0.40237803393830485
0,0,0.49653659854664617
0,0,0.3578035071453815
0,0,0.018194980191826523
0,1,0.5932505752014207
1,1,0.99
0,0,0.2813099512550536
0,0,0.3977233469204348
1,0,0.4842241257062541
1,0,0.43288254361305323
0,0,0.2536718702011156
0,0,0.010821860407021955
1,1,1.0
0,0,0.007698135198135198
1,1,0.5457467157561654
0,0,0.48464640407747334
0,0,0.445138727286505
0,0,0.02
1,1,0.995
1,0,0.4909346136012543
1,1,0.975
1,1,0.9841666666666667
1,1,0.5173627413422229
1,1,0.6129309449527215
1,1,0.5398673994952858
0,0,0.4479115774886456
0,0,0.35100572495341004
0,0,0.3883674933599415
1,1,0.5410600999694691
0,1,0.5134796618421161
1,1,1.0
1,0,0.25278608205139397
0,0,0.27077578699942584
1,1,0.9930657715372694
1,0,0.4716529085065811
1,0,0.3783399285112645
1,1,1.0
1,1,1.0
1,1,0.5291364232963862
1,0,0.4215527758221074
0,0,0.37294656594503306
1,1,0.995
0,0,0.37097208454431724
0,0,0.28547956748960496
0,0,0.2996530615120471
0,0,0.3301629765685555
1,1,0.5581725216630514
0,0,0.3381961112680675
0,0,0.005
0,0,0.27953995888079475
0,0,0.0004651162790697674
1,1,0.932573625030411
1,0,0.396609115592099
1,1,0.9979347826086956
0,0,0.4321514914337439
1,1,0.995
0,0,0.21384957554625306
1,0,0.41663435444280367
0,0,0.3907450474306653
0,1,0.5742108740742289
0,0,0.4913332527043474
0,0,0.4772660753881596
0,0,0.4501236173704114
1,1,0.99
0,0,0.38029828266948507
1,0,0.2990532036509886
0,0,0.00243202416918429
0,1,0.5668951681565201
0,0,0.24534742881425614
0,1,0.5347760053391357
1,1,1.0
1,0,0.4787853111639064
0,0,0.4215705424984095
0,0,0.018052780327539136
1,0,0.31849762925393266
0,1,0.8400276964278174
0,0,0.0061764705882352946
1,0,0.4892544040733252
1,1,0.5684535015835082
0,0,0.49827620828139496
0,0,0.010833333333333332
1,0,0.4805821830545576
0,0,0.4838673850783886
0,0,0.10750193155366741
0,0,0.010381624423963134
1,0,0.3093885962271928
0,0,0.49179316723709154
0,0,0.42894477892931415
0,0,0.04
0,0,0.40295327838438466
0,1,0.6899777573165771
1,1,0.5635367424177985
0,0,0.006064614030210361
1,1,0.572333944566215
0,0,0.4827097127831824
0,0,0.4883081328841215
0,1,0.6647648810430428
1,1,0.6388819098467998
0,0,0.46268844960019634
0,0,0.006950613493534302
1,1,0.5159110267586877
0,0,0.03
0,1,0.5192298826056134
0,0,0.4539268361585546
1,1,1.0
1,0,0.4804997469254719
1,1,0.5553687150582691
0,1,0.5126888325028054
0,1,0.6060238457116174
1,0,0.35341766614579156
1,1,0.5384552787179825
0,0,0.018320477613004867
0,0,0.004210526315789474
0,0,0.394009678000224
0,0,0.007497735568170608
1,1,1.0
0,1,0.5746845258609296
0,0,0.0005807747854538616
1,1,1.0
0,0,0.4690887290714183
1,1,0.9941379310344827
1,0,0.41597493755446957
1,0,0.3806005727589593
0,0,0.4979361137020966
1,0,0.4621940386060172
1,0,0.362256217348138
0,0,0.4840983561952637
1,1,0.995
0,0,0.3298991570876344
1,1,0.995
1,1,0.995
0,0,0.4624084056070483
1,1,0.995
0,0,0.3026039936835098
0,0,0.09
1,0,0.4316216968933429
1,0,0.2801641335192738
0,1,0.5079561434281553
1,1,0.995
1,0,0.4488229807511657
1,1,0.7974078512256897
1,0,0.4120693377936132
0,0,0.45136898358968963
1,0,0.457794283061518
1,0,0.3321123858183387
0,0,0.035
1,1,1.0
0,1,0.5834434018332967
0,0,0.47854637809510775
1,1,0.6325092639251538
0,0,0.18586480188086238
1,0,0.49611133723492096
1,1,0.5094334510821397
0,0,0.46182042735511936
0,0,0.49174750016882235
1,1,0.5011517605647619
0,1,0.630114217073542
0,1,0.5695158848877678
1,1,0.9941768826483804
1,0,0.440016758269264
0,0,0.47199825683853447
0,1,0.6510981263376082
0,0,0.01
1,0,0.46971040427977767
1,0,0.43370354449170817
1,1,0.995
1,1,0.5803937828344296
0,0,0.37831035309499117
1,1,0.5696545430660569
0,0,0.29556072481683765
0,0,0.0017129781857553416
1,0,0.373298955856218
1,1,0.8527028478880271
1,1,1.0
0,0,0.006323529411764705
1,0,0.35317332709404775
0,0,0.0
0,0,0.1758990090247602
1,1,0.7799536000243169
1,1,1.0
0,0,0.024252382795906354
1,1,0.99
0,0,0.1993591195412337
0,0,0.28992418686778826
0,1,0.5375589584707641
0,1,0.5300790305981873
0,0,0.008076923076923077
0,0,0.05519755088630103
0,0,0.392288049222085
1,1,0.6797355564071766
0,0,0.39060668956735894
1,0,0.3978048366973638
0,0,0.012358490566037737
1,0,0.48439188188882537
1,1,0.9913636363636364
1,0,0.4569119157576793
0,0,0.361875656355487
1,0,0.48257960778040226
1,0,0.4391200022108163
1,0,0.26203571620007143
1,1,0.8560601165623798
0,0,0.46725170333500765
1,1,0.571229960929939
0,0,0.002379182156133829
1,1,0.5524469849205766
0,1,0.5028435849243698
1,0,0.45411063162140974
1,1,0.99
1,0,0.3859687125233981
1,0,0.33551330129469525
0,1,0.5756157925786526
1,1,1.0
0,1,0.6858015113871538
1,1,0.5631772201192957
0,1,0.5385862211205569
0,0,0.36943497184795254
0,0,0.002582287688670667
1,0,0.46336781961752566
0,1,0.5208234427099788
0,1,0.6061556288124975
1,1,1.0
0,0,0.022325581395348838
1,1,0.6507737715159254
0,0,0.0016336633663366338
1,1,0.5134932505511196
0,0,0.31184531920669434
0,0,0.30933099117137736
0,0,0.4740540556148845
0,0,0.0026390610474124575
0,0,0.3988091160578508
1,1,0.6958368624140095
0,0,0.004371048559428192
0,0,0.3693861795482933
0,0,0.015
1,1,0.6314561835033784
1,1,0.5884527240012969
1,0,0.46368813329248115
1,1,0.5827488482901273
1,1,0.7715344516594516
0,1,0.9915917366946778
0,0,0.07321700924600533
0,0,0.43393030522761655
0,0,0.1105730705856172
0,0,0.002727272727272727
0,0,0.485147385644402
1,1,0.5585218378296007
1,1,0.9934265962795373
0,0,0.035625
0,0,0.27941901397720126
1,1,0.5252510235714115
0,0,0.4560840936948687
1,1,1.0
0,1,0.7010885724157173
1,1,0.9963636363636365
0,0,0.003828598043782021
0,0,0.3950261711919553
0,0,0.006232394366197182
1,1,1.0
0,1,0.6349518453766769
1,1,0.7429699224539674
0,0,0.41734479184636114
0,0,0.440505582729351
1,1,0.5158453138240073
0,0,0.25433770951410095
1,1,0.5649817281256142
0,0,0.3941847691701451
1,1,0.995
1,0,0.3122325675718388
0,0,0.2970901391655579
1,1,0.995
0,0,0.2107291630778317
0,0,0.0
1,1,0.5326284880790816
0,1,0.6188505183795641
1,0,0.43237190061397857
0,0,0.0001282051282051282
1,1,1.0
1,1,0.9050891924526171
1,0,0.4710637043778964
0,0,0.4348159520437473
0,1,0.5662250682443696
1,1,0.6101621571108924
0,0,0.4925697359821086
1,0,0.4620794165642655
0,1,0.5001692939718796
0,0,0.012317467625262537
0,0,0.21112952211994793
0,0,0.0064
0,0,0.2714170840042189
1,1,0.5699155981525429
1,0,0.37112316880483975
1,0,0.38057937412468157
0,0,0.25565256038015954
0,0,0.018492283578490476
1,1,0.6281305698417525
0,1,0.6224937197187211
1,0,0.3848467517495229
0,0,0.15789407781805828
1,0,0.422190019996222
1,1,0.5433014931728737
1,1,0.6318829283943397
0,0,0.44319788497160334
1,1,0.5170542438008516
1,0,0.33742289708569595
1,1,0.975
0,0,0.009385135135135135
0,0,0.4835545140991848
1,0,0.41605042490520383
1,1,0.5060524006651865
1,1,0.7321272863887559
0,0,0.228166211109068
1,1,0.995
0,0,0.004300167224080268
0,0,0.4320975821504024
1,0,0.42095958243131143
1,1,1.0
1,0,0.48388316594233083
0,0,0.0
0,0,0.4262366003577165
0,1,0.5916845407069125
0,0,0.015
0,0,0.34253019509364874
0,0,0.031710061443932416
0,0,0.4477880474315289
0,0,0.0008653846153846154
0,0,0.021190648348999756
0,1,0.5685141949696269
0,0,0.37972111084503846
0,1,0.5688678635309636
1,1,1.0
0,0,0.014345518867924527
0,1,0.5936463833959357
0,0,0.02639241165378804
0,0,0.398720095023653
1,1,0.99
1,0,0.46021810288346665
0,0,0.2590591180047891
0,0,0.3302787757917494
0,0,0.4614072837454218
0,0,0.4575658353094012
1,1,0.5056542137938408
1,1,0.995
0,0,0.475676620180873
0,1,0.5031821033772802
1,1,0.6929330360982705
1,1,0.5453094746304759
1,0,0.28614200721737637
0,0,0.00310544367497259
0,1,0.5600891779838758
0,0,0.43334289390367764
1,0,0.48091600798644984
0,0,0.23229164490546828
1,0,0.4666234406160882
0,1,0.5290675620803905
1,1,0.6443343692886642
0,1,0.5607108009396811
0,0,0.2373729997830076
1,0,0.4405532731740045
0,0,0.018204523969436677
0,0,0.03
1,0,0.3507354926782048
0,0,0.0027962962962962963
0,0,0.4900605982020317
1,1,0.5756886413564024
1,1,0.99
1,0,0.436855271270637
0,0,0.37396121770637214
1,0,0.3544244440843324
1,1,0.5285023050946456
0,0,0.4546136913676586
1,0,0.482824894805775
1,1,0.6073725629726333
1,0,0.49491171703092873
1,0,0.08346404298699213
1,0,0.41716933244912285
0,0,0.02293664109939278
0,0,0.01851190476190476
0,0,0.36002280429603317
1,1,0.579748278766369
1,0,0.2519271628530678
0,0,0.09154077212596981
1,0,0.42240354050576057
1,1,0.995
1,0,0.44633085945613865
0,1,0.5329690531044835
1,1,0.5518117055214544
1,1,0.5591836688886126
1,1,1.0
0,1,0.5643664428007881
1,1,0.5852069739140808
1,1,0.7469246473706086
0,0,0.4362775244872394
0,0,0.35985503791402246
0,1,0.6299672855251878
0,0,0.008347873141351402
0,0,0.0021977821913273746
0,0,0.2602422263301567
0,1,0.5180898786677012
0,0,0.001153846153846154
1,0,0.46109809045703704
1,0,0.3566881308437966
0,0,0.40212852398415094
0,0,0.4801511320119921
1,1,1.0
1,1,1.0
1,1,0.99
0,1,0.507791105556672
0,0,0.3648292134328928
0,0,0.3996106332643719
0,1,0.5464510429504503
0,0,0.3800915972134822
0,0,0.36366100626188697
0,0,0.21360480767354698
0,0,0.32109249683316754
0,1,0.5082285705230802
0,0,0.0016793381037567084
1,0,0.3028978901006263
1,1,0.5281070902182698
0,0,0.02266884531590414
0,1,0.5327796857586002
0,0,0.036273857297851105
0,0,0.37493073001265786
1,1,0.9119327248140636
0,0,0.37436808085615
0,0,0.4739207961703124
1,0,0.40940341733568075
0,0,0.001960176991150442
0,0,0.41206461921491944
1,0,0.477595077139447
0,1,0.526761896978537
1,0,0.39740426261270584
0,0,0.02
0,0,0.3511007545122006
0,0,0.46551320469527246
0,0,0.42343308012774394
1,0,0.41217914734444344
0,0,0.030405405405405404
1,1,0.99
0,1,0.5389068408179629
0,0,0.4281634306209712
1,1,0.5404665645300897
0,1,0.6434270640215122
1,0,0.34382346429955973
1,1,0.7496538513857489
1,0,0.47262367456259363
0,0,0.283187514680878
1,0,0.4832814358705329
1,1,0.97
0,0,0.013189024390243902
0,1,0.5645744520038999
0,0,0.22927075852470394
0,0,0.18582259067912868
0,0,0.473155617399362
0,0,0.44154563364683247
0,0,0.002467451322290032
1,0,0.4822550516005004
1,0,0.4254960373542434
0,1,0.5802164905823837
0,0,0.01
0,0,0.02
1,1,0.5991812283196282
0,1,0.5415066780744926
1,1,0.5244109490412137
0,1,0.5673665733254524
0,1,0.542391921057807
0,1,0.5461876492641453
1,0,0.499448368755963
1,1,0.995
0,0,0.24302795454430026
0,0,0.1703025710421465
1,0,0.1956873328386565
0,0,0.008833333333333334
1,1,1.0
1,1,0.5289072485158165
1,1,0.5691587889446843
1,1,1.0
1,1,0.995
1,0,0.466642882198846
1,1,0.6035277551020097
1,0,0.44366924623779147
0,0,0.3897241514716385
1,1,0.7476327925867055
1,1,1.0
0,0,0.0
0,0,0.44282750433247015
0,1,0.5334883912059122
1,0,0.47826345482802035
0,0,0.43553208149901584
0,0,0.021544871794871794
0,0,0.017645333231076005
1,1,1.0
1,1,0.7274185895740934
1,1,0.5487559602583917
1,0,0.4130560413891042
1,0,0.3310646144772653
1,1,0.5137584420866621
0,1,0.5020707722426221
0,0,0.2710354519345843
1,1,0.5326890947257494
1,0,0.440260846251647
0,0,0.4647498834602246
1,1,0.5291023720056172
0,0,0.4843553518429078
1,1,0.995
1,1,0.6197732856827595
1,1,1.0
1,1,1.0
1,0,0.3384120839484544
1,0,0.4238916180054469
0,1,0.5079804611968715
1,0,0.43267483858436134
0,0,0.32521669719156415
0,0,0.41905811838727275
0,0,0.3695702397797389
0,0,0.28680258337100817
1,0,0.4938972864548383
1,1,0.985
1,0,0.4758064703507814
1,0,0.48111675207393845
1,1,0.613883843155899
0,1,0.5558823118811259
0,0,0.37628107947267203
0,0,0.012500045174463778
0,1,0.5412020993907685
1,0,0.41796167302801057
1,0,0.41418646472819304
0,0,0.05548902115930229
0,1,0.5260651744552315
1,0,0.4596615343728348
1,1,0.5594910325987424
1,1,0.995
0,0,0.18451414582232017
0,0,0.0014762301918265221
0,0,0.4386128067613705
1,1,0.5844109164943884
1,1,0.995
0,1,0.5557696045829301
0,1,0.5045868493810647
1,0,0.2612063639172073
0,0,0.0032409360741794636
1,1,0.9877551020408163
0,0,5.319148936170213e-05
0,0,0.005
1,0,0.4235083097935658
0,0,0.0024977355681706083
0,0,0.0
1,0,0.3966888276369309
1,1,1.0
0,0,0.49227672654172294
0,0,0.0115
1,1,0.6002717726634945
0,0,0.3817999237655837
1,0,0.4843753907191394
0,0,0.4488257568042487
1,1,0.99
0,0,0.48686859634667734
1,0,0.37425829502341296
1,0,0.4602168539881063
0,0,0.42
0,0,0.46246421045922625
1,1,0.995
1,1,0.9505605500821018
1,1,0.5639118107898536
0,0,0.46820054007768236
1,1,0.5058372773890598
0,0,0.005404040404040404
1,1,0.7757557327351141
0,0,0.22427912747917883
1,1,1.0
0,0,0.015
1,1,1.0
1,1,0.5463072926836463
0,0,0.19458735043446299
0,0,0.43671254925283143
0,0,0.014079861111111112
0,0,0.02
0,0,0.0023457954092178266
1,0,0.4390571507480192
0,0,0.032363636363636365
0,0,0.4384541838540498
0,1,0.5481604649340673
1,1,0.5004726422672036
0,0,0.4741046485362844
0,1,0.5480675877464999
0,0,0.41665129292624953
0,0,0.04020833333333333
0,0,0.46013375822028
0,0,0.47336784554162187
1,1,1.0
1,1,0.99
1,0,0.33427938098022425
1,1,0.6044813525025422
0,1,0.5220901511100637
1,1,0.9963636363636365
0,0,0.00125
1,1,0.8887172187116131
1,0,0.40749885583525325
1,1,1.0
0,0,0.4343525066380755
0,0,0.13215434573468765
1,0,0.44222919913290504
1,0,0.3367669075615833
0,1,0.5009897383597669
0,0,0.46534407660285365
1,1,0.5846078922189095
0,0,0.05343284500394809
0,1,0.5237850688402055
0,0,0.23280140601490218
0,0,0.00310544367497259
0,0,0.005
0,1,0.5204200182380769
0,1,0.5031232318657232
0,0,0.0
0,0,0.4830470673853073
0,1,0.5243813572279739
1,0,0.2517379174847991
1,0,0.3688495679962574
0,0,0.3869209694607043
0,0,0.28726573234203967
1,0,0.38723134339358445
1,0,0.340041689224173
1,1,0.9966836734693878
1,0,0.3973318762396819
0,0,0.2543893903867965
1,1,0.6346332088957718
0,0,0.4987297789726115
1,1,0.5410920305993714
0,1,0.6375662857001242
0,0,0.02120801965394824
1,0,0.3330208163092651
0,1,0.5227456777314373
1,1,0.9631279889807537
1,0,0.4632149748903047
0,0,0.4687479160147801
0,0,0.11714833201662746
0,0,0.46930139773081997
0,0,0.011460176991150442
1,0,0.3564233761996319
0,0,0.3613395648299285
0,0,0.005
0,0,0.3963819040151327
0,0,0.42647285062641155
1,1,1.0
0,0,0.4458229142733821
0,0,0.20787846687355885
1,0,0.13382310505994716
0,1,0.6244886765590973
0,0,0.46969560674269334
0,0,0.0
1,1,0.9929347826086956
0,0,0.45220556474570167
0,0,0.3835679577617917
0,1,0.6246026750148924
0,0,0.4036687317856644
0,0,0.18066489034550057
0,0,0.004747835130098127
1,1,0.985
1,0,0.338291488096791
0,0,0.277528110562582
0,0,0.45946284105310053
1,1,0.5355981028557774
0,0,0.4613621351170893
0,0,0.004647947363543694
0,0,0.3826497356925174
0,0,0.21720048145811138
1,0,0.4959498674827868
0,1,0.6377042852907052
0,0,0.39634359914179695
0,0,0.03352093484956489
0,0,0.015260416666666665
0,0,0.0037970926038950227
0,0,0.0014762301918265221
0,0,0.3665706761108247
0,1,0.5412175452153816
1,1,0.5109088085623195
1,1,0.5000417236777018
0,0,0.1694065129286383
0,0,0.28619576772229377
1,1,0.985
1,1,0.995
0,0,0.025
0,0,0.42332919890620746
1,1,0.6339124366561615
1,1,1.0
0,0,0.001377840909090909
1,1,0.5212560058422469
1,1,0.548413677230767
1,1,0.99
0,0,0.47300518109491785
0,0,0.4969844648942328
1,1,0.5007482475654763
1,0,0.4991965950639509
0,0,0.01071223316912972
1,0,0.41361703589295684
0,0,0.3558531793180925
1,1,0.995
1,0,0.3920751141321875
0,0,0.005
1,1,0.9996625386996904
1,0,0.4964631698042484
0,0,0.0032088744588744584
0,0,0.42686162685139545
0,0,0.14981382096536955
0,0,0.009851467062450053
1,0,0.38880720547217107
1,1,0.5312241204468647
1,1,0.985
0,1,0.5071726627931852
0,0,0.3429021745879693
1,1,1.0
0,1,0.5234060405080107
1,1,0.995
0,0,0.4809038399588188
1,0,0.4949762372614015
0,0,0.026629213483146067
0,1,0.5049869380118411
0,0,0.3317320196760452
0,0,0.00865152789458929
0,0,0.47891703491795645
0,1,0.5078793102847255
0,0,0.015466440324482135
0,0,0.0
0,0,0.39790150293316406
1,1,1.0
1,1,0.9963636363636365
0,0,0.004
0,0,0.36160206429047437
0,1,0.6119620424519411
0,1,0.5521584285595249
1,1,0.99
1,1,0.5526094992646021
0,0,0.02618202416918429
0,0,0.0
0,0,0.0010215053763440861
1,1,0.5139931294998626
0,0,0.44900156728924173
1,1,1.0
1,0,0.3018810064803316
1,1,0.6392469716439497
1,0,0.46899713301773355
0,0,0.3627464543684576
0,0,0.01033813979488164
0,0,0.4966877936343775
1,1,0.687221375521906
1,1,0.99
1,1,0.927396378229883
1,1,0.985
1,0,0.3958537757804813
0,0,0.005865384615384616
1,1,0.6052692659490088
1,0,0.34312770635089085
1,1,1.0
0,0,0.314715609744312
1,1,0.995
1,1,0.995
0,0,0.0
1,0,0.3306675479429411
0,0,0.0011436950146627566
1,1,0.8943483780169723
0,0,0.307770824802024
0,0,0.30851202047240867
1,1,1.0
0,0,0.0028947368421052633
0,0,0.002379182156133829
1,1,0.5583746322646578
1,1,0.5104713737297595
1,1,0.5465931270145962
0,1,0.6976679518709377
0,0,0.034102564102564105
1,0,0.402271450280007
0,0,0.3459171757215749
0,0,0.3976853384736973
0,0,0.3557530869214658
0,0,0.22999527146267443
0,0,0.4553196651655566
0,0,0.01079062686673621
0,1,0.5194899212249461
1,0,0.2929625159449839
1,0,0.48607568398207746
0,0,0.06225
1,1,0.5321462887505334
1,0,0.35900149076088445
1,1,0.5008041918978067
1,1,0.5718309199373981
1,1,0.7892052713064932
0,0,0.002797176137772468
1,1,1.0
1,1,0.7561673382340927
0,0,0.48325557486276893
1,0,0.46460872276673953
1,1,0.92
1,1,1.0
0,0,0.014285714285714285
0,0,0.4944458592260791
1,1,0.995
1,1,0.549990807197103
0,0,0.44922617229556183
0,1,0.5447749020094748
0,0,0.005
1,0,0.49249299959168696
1,0,0.3237681677592532
1,0,0.4835633485720658
0,0,0.4082782837628056
0,0,0.02177473094500958
1,0,0.40865798446240553
0,0,0.040064102564102574
1,1,0.5474949489018193
0,0,0.38807857311695737
0,0,0.003836174169417559
0,0,0.2806332704133786
0,0,0.37618762791437205
0,0,0.047714285714285716
1,0,0.40758974845084484
1,0,0.41716852507191576
1,1,0.99
0,0,0.4737645760160637
1,0,0.4697204694367356
1,1,0.5782087931410522
0,0,0.013109893558163157
1,0,0.35166193192257283
1,1,0.836545895221678
0,0,0.03
0,0,0.005487917529975629
1,0,0.43423099401277376
1,0,0.46076928989195926
0,0,0.0
0,0,0.46694407407084476
1,1,1.0
0,0,0.4166970295827442
0,0,0.20431149784535024
1,1,0.5361307582028421
1,1,0.5645340335040023
0,0,0.37280932938626093
0,1,0.5118513143967374
0,0,0.2990253313438288
0,0,0.45382338312861925
1,1,0.6083109407704026
1,1,0.5596124717596882
0,1,0.5029159866104206
1,1,0.5241108324166613
0,0,0.3373017619167819
0,0,0.0
1,1,1.0
1,1,0.5883485050722626
0,0,0.4220857891432642
1,1,0.5038684376620136
1,1,0.995
1,1,0.5281718610231727
0,0,0.42546993651926907
1,1,0.6738671755348677
1,1,0.721943468413768
0,1,0.581937661061731
1,1,0.5522018945160105
0,0,0.3123546432936747
0,0,0.44876155257483086
0,0,0.4237759551064434
0,0,0.2607649119644748
1,1,0.99
1,1,0.9936324786324786
1,0,0.41655562398030554
0,0,0.004563712615436754
1,0,0.3415468324893757
1,1,0.7907743757532087
1,1,0.5086105708918833
0,0,0.0023636363636363638
1,1,0.5044727701314197
1,0,0.415876475963133
1,0,0.47813624854400444
0,0,0.011623030583873959
0,0,0.46670500293457756
0,0,0.33794718817904434
0,0,0.3826953807718975
0,0,0.006418739635157545
0,1,0.6316883731909866
0,0,0.15806356128672802
1,0,0.47939044336979086
1,1,0.5676538461538461
1,0,0.4599486502834843
1,1,1.0
0,1,0.5895417782423791
1,1,0.6255863429784803
1,1,0.5058096615171755
1,0,0.2675563937810546
1,0,0.31939971835914455
1,0,0.48907599164335636
0,0,0.4363726622897163
0,0,0.0017948717948717949
0,0,0.027142857142857146
1,1,1.0
0,0,0.006476230191826522
1,0,0.44024876240282107
1,1,0.985
0,1,0.8321054817486022
1,1,1.0
0,0,0.3259173401177513
0,0,0.0019762301918265224
0,0,0.33623318491598764
1,0,0.46012590492361227
1,1,0.99
1,0,0.37889603474315625
1,1,0.9381955803073216
1,0,0.37279056378142045
0,0,0.01
0,0,0.01396017699115044
0,1,0.5864994504083346
1,1,0.5839902434735763
0,0,0.29266330399018586
0,0,0.0
1,1,1.0
0,0,0.45230349365075795
1,1,1.0
1,1,0.9979347826086956
0,0,0.30283386521861105
0,1,0.5278177736668228
0,0,0.0011436950146627566
0,1,0.5192499855651515
0,0,0.005434782608695652
1,1,0.5408562969839328
0,0,0.05538416177400292
0,1,0.6374292772869665
0,0,0.2555661084529198
0,1,0.6615251130986356
0,1,0.5792396214684689
0,0,0.4074075562742098
0,0,0.49313945185285424
0,0,0.35086337151834224
0,1,0.5022392476318448
1,0,0.47020951134681105
1,1,0.99
1,0,0.4272853441755356
1,1,0.5018624216129247
1,1,0.5800426701927628
0,0,0.36056218625494746
1,1,0.6603746015327704
1,1,0.5180709916920049
0,0,0.002837519623233909
1,1,0.5927842868838966
0,0,0.015
0,0,0.26745083900440564
0,1,0.5024979496134925
0,1,0.571221121835161
0,1,0.6277352342343936
1,1,0.995
0,0,0.41397621885996033
0,0,0.33186529042776697
0,0,0.0028512301918265227
1,1,0.995
0,0,0.31394675935414357
0,0,0.3939289284444129
0,0,0.48632356379030595
0,0,0.32011609316648076
0,0,0.012042648709315375
0,0,0.006021684737281068
1,1,0.5954565261029736
1,0,0.31732241895685437
0,0,0.016158910533910536
0,0,0.4512728299168043
1,0,0.36458492981271023
1,0,0.45084362925990457
0,0,0.3772295795124241
1,1,0.8886081070810116
0,0,0.4041290342235012
1,1,0.6116247867312804
1,1,1.0
1,1,0.6005721421476344
1,1,0.504802754969057
0,0,0.009634676564156945
0,1,0.5634845366744736
1,0,0.4867095041894987
0,1,0.5848536492359997
0,0,0.015875993640699523
1,1,0.5305997950749356
1,1,0.517669683357537
0,1,0.6130137156678352
1,1,0.6103671424237855
0,0,0.3811216974800072
1,1,0.7464456613345933
1,1,0.5317448060317849
0,0,0.035
1,1,0.5485608165660105
1,0,0.45610843258426037
0,1,0.5803922408244737
0,0,0.4457588629126089
0,0,0.4829089053589619
0,0,0.02093877551020408
1,1,0.5525183634025236
1,0,0.4865273919535842
0,0,0.40113451663372063
1,1,0.995
0,0,0.005
0,0,0.48055564136501344
0,0,0.0005454545454545455
0,1,0.5160282619840373
1,1,1.0
0,0,0.025
1,1,0.5011192138203482
1,0,0.41074456658133046
1,1,0.5467893521810846
1,1,0.5400136063940216
0,0,0.44356165042785617
0,0,0.04402184817095931
1,1,1.0
0,0,0.009001634634436298
1,0,0.4447837405841156
1,0,0.41423381260007525
0,0,0.4114196990730264
0,1,0.5117104465217625
0,0,0.010272357723577234
0,0,0.011098181514848182
1,1,0.995
0,0,0.007962962962962963
0,0,0.4935608091388636
0,1,0.5207639327326067
1,1,1.0
1,0,0.3842210703660098
0,0,0.0033479036574487063
0,1,0.5524970786174296
0,0,0.02520689223057644
0,0,0.2240880975786549
1,1,0.99
1,1,0.985
1,0,0.49957493703729794
0,0,0.34843373840005554
1,1,0.6257396686231581
0,0,0.022095343680709534
0,0,0.22744349766072158
1,1,1.0
1,1,1.0
0,0,0.35219331488437783
0,0,0.013197940503432495
0,0,0.016551724137931035
0,0,0.4705757701110236
0,0,0.0
1,1,1.0
0,0,0.3863288068918036
1,0,0.4186304592804398
0,0,0.4963841156822862
1,1,0.690408541411417
1,1,0.99
0,0,0.30959445053789686
0,0,0.4643342865336557
1,0,0.34654087270288836
1,1,1.0
1,0,0.4824567546362377
0,0,0.2029484126984127
0,0,0.31558841030649076
0,0,0.07
0,0,0.4282193433667291
0,0,0.47472550536524033
0,0,0.030634469696969698
1,0,0.4724572976363325
1,1,0.51620668479417
0,0,0.41128925714632986
0,0,0.02875
0,0,0.38299720314613467
0,0,0.007907322521008711
0,1,0.6267016303758628
0,0,0.4548620897410634
1,1,1.0
0,0,0.35581306488641845
0,0,0.011633663366336635
0,0,0.0
1,0,0.4840525562664509
0,0,0.002157811400422238
1,1,0.6233994945168012
0,0,0.3915105350845795
0,1,0.50399832761233
1,0,0.3765662552850106
1,1,1.0
1,1,0.819943981452474
1,1,0.5688932375378029
0,0,0.11127630655692744
1,1,0.9979347826086956
1,1,0.6569977042292464
0,1,0.5091173353829448
0,1,0.6186934687861223
0,0,0.4042761594209193
1,0,0.3244198826008888
1,1,0.995
0,0,0.010548831954970977
1,1,0.538257259031608
1,0,0.42830166165068795
1,1,0.9539135321308799
1,0,0.4079843030448857
0,1,0.5361038811773515
0,1,0.5591625329575828
1,1,1.0
0,1,0.7384929807609371
1,1,0.9976190476190476
1,0,0.38757414903625675
0,1,0.5245707189904776
0,0,0.035
1,1,1.0
1,0,0.397415081386744
1,0,0.4693350516269957
0,0,0.010694980191826521
0,1,0.6236979770986554
0,0,0.0
0,0,0.33119820670931044
1,0,0.24937137951525215
0,0,0.42253490242980996
0,0,0.370268759018759
0,1,0.5021699721686048
0,0,0.19718999331293074
1,0,0.46499223216832997
1,1,0.72875119206638
0,0,0.4246593490426162
1,1,0.5785470510033398
0,0,0.0
1,1,0.5224809870361213
1,0,0.38417252791196843
0,0,0.48994562403383535
0,0,0.3880433054522237
1,0,0.3316039872696869
1,0,0.4650428196563818
0,0,0.007676952152501408
0,0,0.17544369075728425
1,0,0.4589425883308287
1,0,0.4616854560790773
0,0,0.3603068124679548
0,0,0.00017857142857142857
0,1,0.5963937036400193
1,1,0.995
0,0,0.48793441866729326
1,0,0.44727158784735804
0,0,0.20789000674849767
0,1,0.5241659392836818
1,0,0.4972780574535276
0,1,0.5807992261754705
0,0,0.03933229813664597
1,0,0.450048193752537
0,0,0.01125
0,0,0.3382633166865026
1,1,0.7619806621697045
0,0,0.46054395295115624
0,0,0.2845330690789132
0,0,0.4225328945022516
1,0,0.26864510870646513
1,0,0.3731813502620742
0,0,0.021746203904555315
0,0,0.3695635039233431
0,0,0.006814404948207765
0,1,0.6671427175526523
0,0,0.01
0,0,0.034444444444444444
1,0,0.3637666034422669
0,0,0.24062542954139587
0,0,0.4133799772758973
0,0,0.3640293159337728
0,1,0.5967042840178529
0,1,0.5567894957711099
0,0,0.015868055555555555
1,0,0.47724716548824886
1,0,0.49257035988205183
0,0,0.34752179054521454
1,1,0.536073151582965
1,1,1.0
1,0,0.4552477369986233
1,1,0.5220736166566343
1,0,0.3867500437760375
0,0,0.49918618516252233
0,0,0.01
1,1,0.5348602738092912
0,0,0.3066989852823335
1,0,0.30861968675508633
1,1,1.0
1,0,0.3586191076294656
0,0,0.025
1,0,0.4675929978284799
0,0,0.007692307692307692
0,1,0.6028311788930041
0,0,0.005723365344333087
1,0,0.4645244150627448
0,0,0.36533253449404085
0,0,0.43601771928080135
1,1,0.7356747847999046
0,0,0.397392419937086
1,0,0.42484205719601514
0,0,0.1933487500386061
1,1,1.0
0,0,0.43469025252014887
1,1,0.5113411003545132
1,1,1.0
0,0,0.08055247874113121
0,0,0.0027171717171717174
0,0,0.4220116844561607
0,0,0.0035596459670495894
0,0,0.2664455925037162
1,0,0.4959254085382834
0,1,0.6513762942770366
1,0,0.34860595527193267
0,0,0.0083411150782752
0,0,0.44589358391344647
0,1,0.5905991922343627
1,1,0.99
1,1,0.5233688940641985
1,0,0.363847158908624
1,1,0.9993017139574224
0,0,0.11394865433592238
1,0,0.4315949829507711
0,0,0.4512244053599225
0,0,0.010582010582010581
0,0,0.4048239572950414
0,1,0.6790137224942218
1,1,0.5477634801142329
1,1,0.7127559434614068
0,0,0.08242033257872855
